,,,RCF & TT Audio Price List Feb 2025,,
,Part No.230,Model,Description,MRP QAR,MRP AED
1,13000641,HDL 50-A 4K,"Active three-way line array module, 2 x 12"" + 4 x 6"" + 2 x 3"" CD, 8000 Wpeak, RDNet",43696,43163
1,13000511,HDL 30-A,"Active 2-way line array module 2X10"" + 4"", 1100Wrms, 2200 Wpeak, RDNet",21848,21581
1,13000579,HDL 28-A,"Active 2-way line array module 2X8"" + 3"", 1100Wrms, 2200 Wpeak, RDNet",17543,17329
1,13000588,HDL 26-A,"Active 2-way line array module 2X6"" + 2"", 1000Wrms, 2000 Wpeak, RDNet",12915,12758
1,13000606,HDL 26-A W,"Active 2-way line array module2X6"" + 2"", 1000Wrms, 2000 Wpeak, RDNet, white",12915,12758
1,13000580,HDL 38-AS,"Active line array subwoofer for HDL30, 18"", 1600Wrms, 3200 Wpeak",25507,25196
1,13000583,HDL 36-AS,"Active line array subwoofer for HDL28, 15"", 1600Wrms, 3200 Wpeak",21740,21475
1,13000575,HDL 35-AS,"Active line array subwoofer for HDL26, 15"", 1100Wrms, 2200 Wpeak",19803,19562
1,13000664,HDL 35-AS W,"Active line array subwoofer for HDL26, 15"", 2200 W, white",19803,19562
1,13040007,HDL 20-A,"Active 2-way line array module 2x10"" + 2"", 700Wrms, 1400Wpeak",14960,14777
1,13040016,HDL 10-A,"Active 2-way line array module 2x8"" + 2"", 700Wrms, 1400Wpeak",10870,10738
1,13040022,HDL 10-A W,"Active 2-way line array module 2x8"" + 2"", 700Wrms, 1400Wpeak, white",10870,10738
1,13000496,HDL 6-A,"Active 2-way line array module 2x6,5"" + 1"", 700Wrms, 1400Wpeak",7641,7548
1,13000514,HDL 6-A W,"Active 2-way line array module 2x6,5"" + 1"", 700Wrms, 1400Wpeak, white",7641,7548
1,13000505,HDL12-AS,"Active line array subwoofer for HDL6, 12"", 700Wrms, 1400Wpeak",9902,9781
1,13000897,KX 515-A,"Two-way Active speaker system 2 x 5"" + 1.75"" v.c., 1000Wrms, 2000 Wpeak, RDNET",8287,8186
1,13000870,KX 515-A W,"Two-way Active speaker system 2 x 5"" + 1.75"" v.c., 1000Wrms, 2000 Wpeak, RDNET, white",8287,8186
1,13000882,KXL 4-A,"Active two-way line array module 2 x 10""+ 4"", 1.600 Wrms, 3.200 Wpeak, RDNET",24216,23920
1,13000884,KXW 4-A,"Active two-way wide directivity speaker 2 x 10""+ 4"", 1.600 Wrms, 3.200 Wpeak, RDNET",24216,23920
1,13000900,KX 08-A,"8"" + 1,75"", 1.000Wrms, 2.000 Wpeak, RDNET",9148,9037
1,13000902,KX 10-A,"10"" + 1,75"", 1.000Wrms, 2.000 Wpeak, RDNET",10655,10525
1,13000904,KX 32-A,"Two-way Active speaker system 12""+ 3"", 1.600 Wrms, 3.200 Wpeak, RDNET",16036,15841
1,13000906,KX 45-A,"Two-way Active speaker system 15""+ 4"", 1.600 Wrms, 3.200 Wpeak, RDNET",17651,17435
1,13000889,SUB 9029-AS,"2 x 19"" active subwoofer, 4.000 Wrms, 8.000 Wpeak, RDNET",36593,36146
1,13000890,SUB 9019-AS,"1 x 19"" active subwoofer, 2.000 Wrms, 4.000 Wpeak, RDNET",22601,22326
1,13000916,SUB 9016-AS,"1 x 16"" active subwoofer, 2.000 Wrms, 4.000 Wpeak, RDNET",16144,15947
1,13000494,SUB 9006-AS,"2 x 18"" active subwoofer",33364,32957
1,13000372,SUB 8006-AS,"Double 18"" Bass Reflex Active Subwoofer, 2500Wrms, 5000Wpeak",25507,25196
1,13000392,SUB 8004-AS,"Bass Reflex 18"" Active Subwoofer, 1250Wrms, 2500Wpeak",15606,15415
1,13000899,SUB 808-AS,"2 x 8"" Active Subwoofer, 1.000Wrms, 2.000 Wpeak, RDNET",10117,9993
1,13000872,SUB 808-AS W,"2 x 8"" Active Subwoofer, 1.000Wrms, 2.000 Wpeak, RDNET, white",10117,9993
1,17170154,RDNET CONTROL 8,8 output Master Unit,6242,6166
1,17170163,RDNET CONTROL 2,2 output Master Unit,1130,1116
1,13360334,FL-B HDL 50,Suspension bar to fly up to 20 pcs + 1x fly bar pick up,12162,12013
1,13360389,FL-B LINK HDL 50-30,Link bar HDL50-HDL30,6350,6272
1,13360380,FL-B HDL 30,Suspension bar to fly up to 20 pcs,6135,6060
1,13360393,STCK-KIT 2X HDL 30,Stacking kit 2 x HDL30,990,978
1,13360394,FL-B PK HDL 30,Flybar pickup for HDL30,915,904
1,13360411,FL-B HDL 28,Suspension bar to fly up to 20 pcs,6027,5954
1,13360336,KRT-WH 4X HDL 50,HDL50 trasportation kart for 4 modules,5058,4997
1,13360338,CVR 4X HDL 50,Cover 4 X to be associated to 1 kart,1722,1701
1,13360386,CVR 4X HDL 30,Cover for 4 x HDL30,1184,1169
1,13360382,KRT-WH 4X HDL 30,HDL30 trasportation kart for 4 modules,3175,3136
1,13360412,KRT-WH 4X HDL 28,HDL28 trasportation kart for 4 modules,3067,3030
1,13360422,CVR 4X HDL 28,Cover for 4 x HDL28,1076,1063
1,13360430,KRT-WH 3X HDL 38,HDL38 trasportation kart for 3 modules,3875,3827
1,13360431,KRT-WH 3X HDL 36,HDL36 trasportation kart for 3 modules,3552,3508
1,13360434,CVR 3X HDL 36,Cover for 3x HDL36,1184,1169
1,13360433,CVR 3X HDL 38,Cover for 3x HDL38,1345,1329
1,13360337,RP 1X HDL 50,Rain cover for 1 module HDL50-A,452,447
1,13360388,RP 1X HDL 30,"Rain cover for 1 module HDL 30-A, HDL 28-A, HDL 35-AS, HDL 36-AS, HDL 38-AS, KX 4-A",172,170
1,12100004,CR 16-ND,"Including RD-net control 8, DX1616, patch bay, 4X LK25 OUT, 1RU PS",66943,66126
1,12399021,CBL LKS 25-2 FANOUT,"25 pin to 8X XLR, cable 1.0 M, fanout 1.0 M",1991,1967
1,12399022,CBL LK 25 MULTIPIN 20M,25 pin male female 20 M,2529,2498
1,12399023,CBL LK 25 MULTIPIN 10M,25 pin male female 10 M,2153,2126
1,12399016,CBL ETHERCON 0.7M,To connect RDNET in HDL50-A array,194,191
1,12399017,CBL ETHERCON 1.5M,Ethercon link cable 1.5 m.,215,213
1,12399035,CBL ETHERCON 3M,CAT 5E etherCON cable 3 m.,237,234
1,12399018,CBL ETHERCON 5M,CAT 5E etherCON cable 5 m.,258,255
1,12399019,CBL ETHERCON TO XLR F 0.2M,To connect XLR to RDNET RJ45,194,191
1,12399020,CBL ETHERCON TO XLR M 0.2M,To connect XLR to RDNET RJ45,194,191
1,12100006,PR 63,Touring case including power distribution unit,34655,34233
1,12399024,CBL LKS 19 ARRAY FANOUT,Array FAN OUT cable 0.5 - 1.3 - 2.1 - 2.9 - 3.7 - 4.5 M,1937,1914
1,12399025,CBL LKS 19 SUB FANOUT,SUB FAN OUT cable 2X 2.5 - 2X 5.0 - 2X 10.0 M,2529,2498
1,12399026,CBL LKS 19 BREAKOUT,Breakout BOX with LKS 19 INOUT/OUTPUT TO 6x powercon,3605,3561
1,13360146,CBL LKS 19 POWER 20M,LKS 19 power cable 20 M,3713,3668
1,12399027,CBL LKS 19 POWER 10M,LKS 19 power cable 10 M,2422,2392
1,12399028,CBL POWERCON LINK 10M,Power distribution cable,452,447
1,12399029,CBL POWERCON LINK 5M,Powercon link cable 5 m to link HDL 50-A 4K.,312,308
1,12399030,CBL POWERCON LINK 1.5M,Powercon link cable 1.5 m to link HDL 50-A 4K.,226,223
1,12399031,CBL POWERCON LINK 0.7M,To link 2x HDL50-A,194,191
1,13360218,FL-B HDL 20-18,Fly bar for HDL20 and HDL18 up to 16 HDL20 modules,5489,5422
1,13360229,FL-B LGT HDL 20,Light fly bar for HDL20 up to 4 HDL20 modules,2852,2817
1,13360221,FL-B PK HDL 20-18,Spare Pickup Point (including 2 Qick lock pins) for 2 motors pick up,721,712
1,13360223,KRT-WH 4X HDL 20,Kart with wheels for 4 HDL20,2852,2817
1,13360283,RP 2X HDL 20,Rain cover for 2 module HDL20/10,237,234
1,13360274,FL-B HDL 10,Fly bar for HDL10 up to 16 modules,5166,5103
1,13360276,FL-B LGT HDL 10,Light fly bar for HDL10 up to 4 modules,2691,2658
1,13360275,KRT-WH 4X HDL 10,Kart with wheels for 4 HDL10,2637,2605
1,13360314,FL-B HDL 10 W,Fly bar for HDL10 up to 16 modules - white colour,5166,5103
1,13360313,FL-B LGT HDL 10 W,Light fly bar for HDL10 up to 4 modules - white colour,2691,2658
1,13360360,FL-B HDL 6,Fly bar for HDL6 and HDL12 including accessories for staking and pole mount,3713,3668
1,13360373,FL-B HDL 6 W,Fly bar for HDL6 and HDL12 white colour,3713,3668
1,13360371,CL-BR HDL 6,Clamp bracket for HDL 6-A and HDL 26-A,495,489
1,13360372,FL-B PK HDL 6,"Spare Pickup Point for HDL6, HDL 26-A, HDL 35-AS, HL 35-S, HL 6, KX 4-A",592,585
1,13360366,KRT-WH 6X HDL 6,Kart for 6 x HDL6,2529,2498
1,13360381,RP 1X HDL 6,"Rain cover for 1 module HDL 6-A, HDL 26-A, KX 515-A, KX 10-A, KX 08-A",269,266
1,13360375,FL-B LINK HDL 6-12 2X,Link bar for HDL6 and HDL12,1012,999
1,13360377,PM-KIT 3X HDL 6,HDL6 pole mount accessory to hold up to 3 modules,1453,1435
1,13360232,AC PMX,Pole mount - up to 60Kg,1453,1435
1,13360238,WH PRO 4X,Kit 4 swivel castor 100mm wheels with roller bearing,549,542
1,13360688,CVR60688,Cover for KX 515-A,269,266
1,13360690,FLB60690,Accessory to link a KX 515 to a flying SUB 808,463,457
1,13360691,FLB60691,Suspension bar for KX 515,409,404
1,13360692,HBR60692,Horizontal bracket for KX 515,312,308
1,13360716,HBR60716,"Horizontal bracket for KX 515, white",312,308
1,13360693,VBR60693,Vertical bracket for KX 515,495,489
1,13360678,PMK60678,Pole mount accessory for KX 515 and NXL 14,129,128
1,13360679,PMK60679,"Pole mount accessory for KX 515 and NXL 14, white",129,128
1,13360694,CVR60694,Cover for KX 4-A,495,489
1,13360697,FLB60697,Vertical fly bar for KX 4-A,2529,2498
1,13360698,VBR60698,Vertical bracket for KX 4-A,969,957
1,13360713,CVR60713,Cover for KX 08-A,312,308
1,13360714,HBR60714,Horizontal bracket for KX 08-A,355,351
1,13360715,VBR60715,Vertical bracket for KX 08-A,463,457
1,13360710,CVR60710,Cover for KX 10-A,301,298
1,13360711,HBR60711,Horizontal bracket for KX 10-A,377,372
1,13360712,VBR60712,Vertical bracket for KX 10-A,484,478
1,13360704,VBR60704,Vertical bracket for KX 32-A,1345,1329
1,13360655,KRT-WH 007,SUB 9029 trasportation kart for 1 module,2744,2711
1,13360656,CVR 016,Cover for 1x SUB 9029,1238,1223
1,13360657,KRT-WH 008,SUB 9019 trasportation kart for 1 module,2099,2073
1,13360658,CVR 017,Cover for 1x SUB 9019,743,734
1,13360361,KRT-WH SUB 9006,Kart for 1 SUB 9006-AS,2691,2658
1,13360363,CVR SUB 9006,Cover for 1 SUB 9006-AS,1184,1169
1,13360362,RP 1X SUB 9006,Rain cover to protect SUB 9006-AS,990,978
1,13360242,CVR SUB 8006,Cover for SUB8006-AS,1130,1116
1,13360233,RP 1X SUB 8006,Rain cover protection for amplifier SUB8006-AS,151,149
1,13360231,STCK-KIT SUB 8006,Pair of accessories to lock FLY BAR HDL 20-18 to SUB 8006-AS or to lock FLY BAR HDL 10 to SUB 8004-AS. M20 fixing p,721,712
1,13360286,CVR SUB 8004,Cover for SUB8004-AS,592,585
1,13360708,CVR60708,Cover for SUB 808-AS,355,351
1,13360709,HBR60709,Vertical bracket for SUB 808-AS,678,670
1,13360110,AC PRO-PM,Pole mount accessory for satellite loudspeaker on a subwoofer,818,808
1,13360638,PM-KIT M20 W,"M20 Pole mount, white",226,223
1,13360132,QL-PIN D11.1 L44.5 4X,Quick lock pin kit (4x). Please refer to RCF pin table (www.rcf.it/en/pin-table) to check compatible products.,1614,1595
1,13360219,QL-PIN D9.6 L21.3 4X,Quick lock pin kit (4x). Please refer to RCF pin table (www.rcf.it/en/pin-table) to check compatible products.,474,468
1,13360220,QL-PIN D9.6 L26.9 4X,Quick lock pin kit (4x). Please refer to RCF pin table (www.rcf.it/en/pin-table) to check compatible products.,570,563
1,13360613,QL-PIN 007,Quick lock pin kit (4x). Please refer to RCF pin table (www.rcf.it/en/pin-table) to check compatible products.,549,542
1,13360626,QL-PIN 008,Quick lock pin kit (4x). Please refer to RCF pin table (www.rcf.it/en/pin-table) to check compatible products.,441,436
1,13360627,QL-PIN 009,Quick lock pin kit (4x). Please refer to RCF pin table (www.rcf.it/en/pin-table) to check compatible products.,441,436
1,13360633,QL-PIN 010,Quick lock pin kit (4x). Please refer to RCF pin table (www.rcf.it/en/pin-table) to check compatible products.,495,489
1,13360634,QL-PIN 011,Quick lock pin kit (4x). Please refer to RCF pin table (www.rcf.it/en/pin-table) to check compatible products.,441,436
1,13360145,CBL POWER BOX 6X,AC Stage Box,2960,2924
1,13360067,PM-KIT M20,M20 Pole mount,226,223
1,13360066,M20 PLATE,Threaded plate for M20 pole mount,97,96
1,13360109,AC PRO-FS,Professional loudspeaker floor stand,1130,1116
1,13000481,EVOX 12,"Digital active speaker system 8x4"" drivers + 15"" sub, 700Wrms, 1400Wpeak",12054,11907
1,13000843,EVOX 12 W,"Digital active speaker system 8x4"" drivers + 15"" sub, 700Wrms, 1400WpeaK, White",12054,11907
1,13000554,EVOX J8,"Digital active speaker system 8x2"" drivers + 12"" sub, 700Wrms, 1400Wpeak",5005,4944
1,13000567,EVOX J8 W,Evox J8 in white colour,5005,4944
1,13000556,EVOX JMIX8,Evox J8 with digital mixer,6565,6485
1,13000569,EVOX JMIX8 W,Evox J8 with digital mixer in white colour,6565,6485
1,13000654,ART 910-A,"Digital active speaker system 10"" + 1.75"" v.c., 1050Wrms, 2100Wpeak",3336,3296
1,13000655,ART 912-A,"Digital active speaker system 12"" + 1.75"" v.c., 1050Wrms, 2100Wpeak",3713,3668
1,13000656,ART 915-A,"Digital active speaker system 15"" + 1.75"" v.c., 1050Wrms, 2100Wpeak",4359,4306
1,13000680,ART 932-A,"Digital active speaker system 12"" + 3"" v.c., 1050Wrms, 2100Wpeak",5597,5528
1,13000682,ART 935-A,"Digital active speaker system 15"" + 3"" v.c., 1050Wrms, 2100Wpeak",6135,6060
1,13000691,ART 945-A,"Digital active speaker system 15"" + 4"" v.c., 1050Wrms, 2100Wpeak",8287,8186
1,13000706,ART 910-AX,"Digital active speaker system 10"" + 1.75"" v.c., 1050Wrms, 2100Wpeak, BT audio & control, Touch color display, sub pre",4843,4784
1,13000708,ART 912-AX,"Digital active speaker system 12"" + 1.75"" v.c., 1050Wrms, 2100Wpeak, BT audio & control, Touch color display, sub pre",5220,5156
1,13000710,ART 915-AX,"Digital active speaker system 15"" + 1.75"" v.c., 1050Wrms, 2100Wpeak, BT audio & control, Touch color display, sub pre",5919,5847
1,13000821,ART 708-A MK5,"Digital active speaker system 8"" + 1.4"" v.c., 700Wrms, 1400Wpeak",2368,2339
1,13000822,ART 710-A MK5,"Digital active speaker system 10"" + 1.75"" v.c., 700Wrms, 1400Wpeak",2906,2870
1,13000823,ART 712-A MK5,"Digital active speaker system 12"" + 1.75"" v.c., 700Wrms, 1400Wpeak",3121,3083
1,13000824,ART 715-A MK5,"Digital active speaker system 15"" + 1.75"" v.c., 700Wrms, 1400Wpeak",3605,3561
1,13000825,ART 732-A MK5,"Digital active speaker system 12"" + 3"" v.c., 700Wrms, 1400Wpeak",4789,4731
1,13000826,ART 735-A MK5,"Digital active speaker system 15"" + 3"" v.c., 700Wrms, 1400Wpeak",5489,5422
1,13000827,ART 745-A MK5,"Digital active speaker system 15"" + 4"" v.c., 700Wrms, 1400Wpeak",7534,7442
1,13000548,ART 725 MK4,"Speaker system 15"" + 2"", 700Wrms, 1400Wpeak",6027,5954
1,13000668,NX 910-A,"Two-way Active speaker system 10"" + 1.75"" v.c., 2.100 Wpeak",4951,4890
1,13000673,NX 912-A,"Two-way Active speaker system 12"" + 1.75"" v.c., 2.100 Wpeak",5597,5528
1,13000674,NX 915-A,"Two-way Active speaker system 15"" + 1.75"" v.c., 2.100 Wpeak",6673,6591
1,13000766,NX 932-A,"Two-way Active speaker system 12"" + 3"" v.c., 2.100 Wpeak",7534,7442
1,13000874,NX 932-A W,"Two-way Active speaker system 12"" + 3"" v.c., 2.100 Wpeak, white",7534,7442
1,13000768,NX 945-A,"Two-way Active speaker system 15"" + 4"" v.c., 2.100 Wpeak",9041,8930
1,13000876,NX 945-A W,"Two-way Active speaker system 15"" + 4"" v.c., 2.100 Wpeak, white",9041,8930
1,13000888,NXL 14-A,"Two-way Active speaker system 2 x 6"" + 1.75"" v.c., 1050Wrms, 2100 Wpeak",6565,6485
1,13000891,NXL 14-A W,"Two-way Active speaker system 2 x 6"" + 1.75"" v.c., 1050Wrms, 2100 Wpeak, white",6565,6485
1,13000610,NXL 24-A MK2,"Active 2-way array, 4x6"" woofers + 2.5"" v.c., 1050Wrms, 2100Wpeak",11193,11057
1,13000609,NXL 44-A MK2,"Active 2-way array, 3x10"" woofers + 3"" v.c., 1050Wrms, 2100Wpeak",15606,15415
1,13000805,NXW 44-A,"Active 2-way wide directivity speaker, 3x10"" woofers + 3"" v.c., 1050Wrms, 2100Wpeak",15606,15415
1,13000743,NX 985-A,"Three-way Active speaker system 15"" + 8"" + 1.75"" v.c., 1050Wrms, 2100 Wpeak",11946,11801
1,13000260,NX 15-SMA,"Active coaxial stage monitor 15""+1"", 700Wrms, 1400Wpeak",10224,10100
1,13000235,NX 12-SMA,"Active coaxial stage monitor 12""+1"", 700Wrms, 1400Wpeak",8933,8824
1,13000233,NX 10-SMA,"Active coaxial stage monitor 10""+1"", 400Wrms, 800Wpeak",6673,6591
1,13000783,NX 912-SMA,"Active high-output multipurpose monitor 12"" + 1.75"" v.c., 2.100 Wpeak",6565,6485
1,13000785,NX 915-SMA,"Active high-output multipurpose monitor 15"" + 1.75"" v.c., 2.100 Wpeak",7534,7442
1,13000818,SUB 702-AS MK3,"12"" Bass Reflex Active Subwoofer, 700Wrms, 1400Wpeak",4843,4784
1,13000812,SUB 705-AS MK3,"15"" Bass Reflex Active Subwoofer, 700Wrms, 1400Wpeak",6135,6060
1,13000809,SUB 708-AS MK3,"18"" Bass Reflex Active Subwoofer, 700Wrms, 1400Wpeak",7749,7655
1,13000846,SUB 905-AS MK3,"15"" Bass Reflex Active Subwoofer, 1100Wrms, 2200Wpeak, presets",7964,7867
1,13000844,SUB 8003-AS MK3,"18"" Bass reflex Active Subwoofer, 1100Wrms, 2200Wpeak, presets",9256,9143
1,13000835,SUB 15-AX,"15"" Bass Reflex Active Subwoofer, 1100Wrms, 2200Wpeak, BT control, Touch color display, speaker presets",8072,7973
1,13000836,SUB 18-AX,"18"" Bass reflex Active Subwoofer, 1100Wrms, 2200Wpeak, BT control, Touch color display, speaker presets",9579,9462
1,13000878,SUB 15-AX W,"15"" Bass Reflex Active Subwoofer, 1100Wrms, 2200Wpeak, BT control, Touch color display, speaker presets, white",8072,7973
1,13000880,SUB 18-AX W,"18"" Bass reflex Active Subwoofer, 1100Wrms, 2200Wpeak, BT control, Touch color display, speaker presets, white",9579,9462
1,13000787,SUB 18-AS,"18"" Bass reflex Active Subwoofer, 1100Wrms, 2200Wpeak",8072,7973
1,13000752,SUB 8008-AS,"Double 18"" Bass Reflex Active Subwoofer, 2200Wrms, 4400Wpeak",17651,17435
1,13360324,CVR EVOX 12,Cover for Evox 12,700,691
1,13360406,CVR-WH EVOX J,Cover  with wheels for EVOX J8 and EVOX JMIX8,1130,1116
1,13360407,CVR EVOX J,Cover  for EVOX J8 and EVOX JMIX8,377,372
1,13360473,CVR ART 910,"ART cover for ART 9 series 10""",366,361
1,13360474,CVR ART 912,"ART cover for ART 9 series 12""",387,383
1,13360478,CVR ART 915,"ART cover for ART 9 series 15""",420,415
1,13360471,H-BR ART 910,"Horizontal bracket for ART 9 series 10""",495,489
1,13360475,H-BR ART 912,"Horizontal bracket for ART 9 series 12""",495,489
1,13360479,H-BR ART 915,"Horizontal bracket for ART 9 series 15""",495,489
1,13360476,V-BR ART 912,"Vertical bracket for ART 9 series 12""",495,489
1,13360480,V-BR ART 915,"Vertical bracket for ART 9 series 15""",560,553
1,13360472,FL-BR ART 910,"Suspension bar for ART 9 series 10""",387,383
1,13360477,FL-BR ART 912,"Suspension bar for ART 9 series 12""",495,489
1,13360481,FL-BR ART 915,"Suspension bar for ART 9 series 15""",527,521
1,13360515,RP 001,"Amplifier rain cover to protect 2X ART 945, NX 932/945/985, NXL 24/44, NXW 44, NX 912/915-SMA, KX 32/45-A",291,287
1,13360164,H-BR 2X ART 708,"2 x horizontal bracket for ART 7 series 8""",549,542
1,13360103,H-BR 2X ART 710,"2 x horizontal bracket for ART7 series 10""",560,553
1,13360104,H-BR 2X ART 712,"2 x horizontal bracket for ART 7 series 12""",613,606
1,13360105,H-BR 2X ART 715,"2 x horizontal bracket for ART 7 series 15""",646,638
1,13360166,CVR ART 708,"ART Cover for ART 7 series 8""",269,266
1,13360113,CVR ART 710,"ART cover for ART 7 series 10""",291,287
1,13360114,CVR ART 722,"ART cover for ART 7 series 12""",344,340
1,13360115,CVR ART 725,"ART cover for ART 7 series 15""",377,372
1,13360506,2X PLATE H-BR NX 910-912-915,"Adapter plate to use H-BR 007 with NX 910-A, H-BR 003 with NX 912-A and KX 32-A, HBR60706 with NX 915-A and KX",947,936
1,13360495,CVR NX 910,Cover for NX 910-A,377,372
1,13360496,CVR NX 912,"Cover for NX 912-A, NX 932-A, KX 32-A",441,436
1,13360497,CVR NX 915,Cover for NX 915-A and KX 45-A,474,468
1,13360707,VBR60707,NX 945-A and KX 45-A vertical U braket,1614,1595
1,13360535,H-BR 001,"2x Horizontal bracket for C 45, NX 945-A and KX 45-A",1044,1031
1,13360687,HBR60687,2x Horizontal bracket for NX 945-A W,1044,1031
1,13360685,CVR60685,Cover for NXL 14-A,398,393
1,13360681,VBR60681,Vertical bracket for NXL 14-A,646,638
1,13360683,HBR60683,Horizontal bracket for NXL 14-A,441,436
1,13360682,VBR60682,Vertical bracket for NXL 14-A W,646,638
1,13360684,HBR60684,Horizontal bracket for NXL 14-A W,441,436
1,13360278,FL-B NXL 24,Fly bar for NXL24 up to 2 pieces,1184,1169
1,13360279,FL-B LINK NXL 24,Accessory to link a second NXL24 to a flying NXL24 (straight or 2 angles),904,893
1,13360280,PM-KIT NXL 24,Pole mount accessory for stacking NXL24 on SUB8004 (or M20 pole mount),409,404
1,13360281,STCK-KIT NXL 24,Accessory for stacking 2 NXL24 on SUB8006 or 8004 (or M20 pole mount),904,893
1,13360345,FL-B NXL 44,Fly bar for NXL44 up to 2 pieces,1507,1488
1,13360346,FL-B LINK NXL 44,Accessory to link a second NXL44 to a flying NXL44 (straight or 2 angles),1453,1435
1,13360347,STCK-KIT NXL 44,Accessory for stacking 2 NXL44 on SUB8006 or 8004 (or M20 pole mount),1776,1754
1,13360167,CVR NX10-SMA,Cover for NX 10 SMA,366,361
1,13360168,CVR NX12-SMA,Cover for NX 12 SMA,387,383
1,13360174,CVR NX15-SMA,Cover for NX 15 SMA,409,404
1,13360612,CVR 011,Cover for NX 912-SMA,441,436
1,13360611,CVR 010,Cover for NX 915-SMA,474,468
1,13360517,CVR NX 985,Cover for NX 985,796,787
1,13360528,CVR 005,Cover for SUB 702-AS MK3,527,521
1,13360529,CVR 004,"Cover for SUB 705-AS MK3, SUB 905-AS MK3 and SUB 15-AX",581,574
1,13360530,CVR 003,"Cover for SUB 708-AS MK3, SUB 8003-AS MK3 and SUB 18-AX",732,723
1,13360518,CVR SUB 8008,Cover for SUB 8008,1076,1063
1,17140088,F 6X,6 channel mixing console with multi-FX,1076,1063
1,17140089,F 10XR,10 channel mixing console with multi-FX & Recording,1507,1488
1,17140090,F 12XR,12 channel mixing console with multi-FX & Recording,2099,2073
1,17140091,F 16XR,16 channel mixing console with multi-FX & Recording,2852,2817
1,13360416,RM-KIT F 12XR,Rack mount kit for F 12XR,108,106
1,13360417,BG F 6X,Carrying bag for F 6X,280,276
1,13360418,BG F 10XR,Carrying bag for F 10XR,291,287
1,13360419,BG F 12XR,Carrying bag for F 12XR,312,308
1,13360420,BG F 16XR,Carrying bag for F 16XR,334,330
1,12399066,MWD1,Wireless usb adapter,65,64
1,12100037,XPS 16K,"Class D power amplifier with DSP - 4 x 4.000 W @ 2.7 ohm, RDNET",49292,48691
1,12100064,XPS 16KD,"Class D power amplifier with DSP - 4 x 4.000 W @ 2.7 ohm, RDNET, DANTE",51768,51136
1,12100065,IPS 1.5K,Class H power amplifier - 2 x 750 W @ 4 ohm,3390,3349
1,12100059,IPS 2.5K,Class H power amplifier - 2 x 1.250 W @ 4 ohm,4628,4571
1,12100061,IPS 5.0K,Class H power amplifier - 2 x 2.600 W @ 4 ohm,6888,6804
1,12100055,QPS 6.0K,Class HD power amplifier - 4 x 1.500 W @ 2 ohm,10009,9887
1,12100057,QPS 10K,Class HD power amplifier - 4 x 2.500 W @ 2 ohm,11085,10950
1,12399033,DX 1616,"16X16 matrix audio processor, AES-EBU, ethernet, Dante",28736,28385
1,12135033,DX 4008,4 IN 8 OUT Digital speaker processor,11946,11801
1,13100022,VSA 2050 II,"20 x 3,5"" speakers, 96 dB Max SPL, RDNet",29812,29449
1,13100025,VSA 1250 II,"12 x 3,5"" speakers, 94 dB Max SPL, RDNet",23139,22857
1,13100028,VSA 850 II,"8 x 3,5"" speakers, 93 dB Max SPL, RDNet",19265,19030
1,13360410,SWM-BR VSA II,Swivel bracket for VSA II,969,957
1,13100053,VSA 2050 II B,"20 x 3,5"" speakers, 96 dB Max SPL, RDNet, Black",29812,29449
1,13100055,VSA 1250 II B,"12 x 3,5"" speakers, 94 dB Max SPL, RDNet, Black",23139,22857
1,13100057,VSA 850 II B,"8 x 3,5"" speakers, 93 dB Max SPL, RDNet, Black",19265,19030
1,13360442,SWM-BR VSA II BLACK,Swivel bracket for VSA II Black,969,957
1,13360330,VSA SMART RC,Smartphone remote control for VSA,1044,1031
1,13360318,TA1000 VSA,100V to 0dB trasformer adapter for VSA,312,308
1,13100024,VSA 2050 CUST MKII,"20 x 3,5"" speakers, 96 dB Max SPL, RDNet",35732,35296
1,13100027,VSA 1250 CUST MKII,"12 x 3,5"" speakers, 94 dB Max SPL, RDNet",27875,27535
1,13100030,VSA 850 CUST MKII,"8 x 3,5"" speakers, 93 dB Max SPL, RDNet",23139,22857
1,12100026,DMA 82,Digital Mixer Amplifier 2 x 80Wrms,3390,3349
1,12100027,DMA 162,Digital Mixer Amplifier 2 x 160Wrms,3821,3774
1,12100028,DMA 162P,Digital Power Amplifier 320Wrms,2906,2870
1,12100035,DMA 504,Digital Mixer Amplifier 4 x 500 Wrms,9686,9568
1,12399068,TRF-KIT DMA 82,2x 80 W / 100 V Transformer Kit,1722,1701
1,12399069,TRF-KIT DMA 162,2x 160 W / 100 V Transformer Kit,2099,2073
1,12399065,BT BOARD DMA,DMA amplifiers bluethooth card,646,638
1,13360426,RM-KIT DMA,Rack mount kit for DMA,97,96
1,14322031,BM 404,Desktop paging console,1507,1488
1,12399051,RC 401 EU B,"Wall mount remote control, compatible with EU standard box, Black",312,308
1,12399052,RC 401 EU W,"Wall mount remote control, compatible with EU standard box, White",312,308
1,12399053,RC 401 US B,"Wall mount remote control, compatible with US standard box, Black",312,308
1,12399054,RC 401 US W,"Wall mount remote control, compatible with US standard box, White",312,308
1,12399048,RDNET BOARD DMA,Optional network board,355,351
1,13100051,WMR 50T,"IP55 - Two-way wall mount monitor speaker 5"" + 1"", ?40 W AES power handling, with transformer",1044,1031
1,13100050,WMR 60T,"IP55 - Two-way wall mount monitor speaker 6,5"" + 1"", ?80 W AES power handling, with transformer",1184,1169
1,13100074,WMR 50T W,"IP55 - Two-way wall mount monitor speaker 5"" + 1"", ?40 W AES power handling, with transformer, White",1044,1031
1,13100071,WMR 60T W,"IP55 - Two-way wall mount monitor speaker 6,5"" + 1"", ?80 W AES power handling, with transformer, White",1184,1169
1,13100044,CMR 50T W,"Two-way ceiling monitor speaker 5"" + 1"", ?40 W AES power handling, with transformer, White",1044,1031
1,13100045,CMR 60T W,"Two-way ceiling monitor speaker 6,5"" + 1"", ?80 W AES power handling, with transformer, White",1130,1116
1,13100112,CMR-S 60T W,"Ceiling subwoofer 6,5"", 80 W AES power handling, with transformer",1184,1169
1,13100098,PMR 60T W,"Two-way pendant monitor speaker 6,5"" + 1"", ?80 W AES power handling, with transformer, White",1507,1488
1,13100100,PMR 60T B,"Two-way pendant monitor speaker 6,5"" + 1"", ?80 W AES power handling, with transformer, Black",1507,1488
1,13100111,CMR 30,"Pair of ceiling monitors, aluminium - 60 W peak - 16 OHM",915,904
1,13360492,GRILLE KIT 4X CMR B,Set of 4 black grilles for CMR 60T and CMR 50T ceiling speakers,398,393
1,13360489,TILE BRIDGE 4X CMR,Tile bridge accessory for CMR 60T and CMR 50T installation in standard false ceiling structures,517,510
1,13360490,MUD RING 4X CMR,Set of 4 mud ring accessories for CMR 60T and CMR 50T installation in new constructions ceilings,420,415
1,13100034,MR 40,"Pair of two-way bass reflex speakers 4""+ 1"", 40W",1130,1116
1,13100036,MR 40 W,"Pair of two-way bass reflex speakers 4""+ 1"", 40W, White",1130,1116
1,13100035,MR 40T,"Pair of two-way bass reflex speakers 4""+ 1"", 40W with transformer",1345,1329
1,13100037,MR 40T W,"Pair of two-way bass reflex speakers 4""+ 1"", 40W with transformer, White",1345,1329
1,13100038,MR 50,"Pair of two-way bass reflex speakers 5""+ 1"", 60W",1614,1595
1,13100040,MR 50 W,"Pair of two-way bass reflex speakers 5""+ 1"", 60W, White",1614,1595
1,13100039,MR 50T,"Pair of two-way bass reflex speakers 5""+ 1"", 60W with transformer",1883,1860
1,13100041,MR 50T W,"Pair of two-way bass reflex speakers 5""+ 1"", 60W with transformer, White",1883,1860
1,13360367,MA 4,U bracket for MR 40T,108,106
1,13360368,MA 4 W,U bracket for MR 40T W,108,106
1,13360369,MA 5,U bracket for MR 50T,108,106
1,13360370,MA 5 W,U bracket for MR 50T W,108,106
1,13000726,HL 6 16ohm,"Passive two-way line array module 2X6"" + 1.75"" v.c., 250 W AES",6780,6698
1,13000732,HL 35-S 8ohm,"Passive flyable subwoofer for HL 6, 15"", 900 W AES",12592,12439
1,13000830,HL 38-S WP,"Weatherproof passive flyable subwoofer 18"", 1.500 W AES",18296,18073
1,13000407,HL 2260,"IP55 horn loaded two way array system. 2x12"" Woofer+4"" CD, 22,5°x60",27660,27322
1,13000404,HL 2240,"IP55 horn loaded two way array system. 2x12"" Woofer+4"" CD, 22,5°x40",27660,27322
1,13000405,HL 2290,"IP55 horn loaded two way array system. 2x12"" Woofer+4"" CD, 22,5°x90",27660,27322
1,13000266,H 1315 WP,Weather-proof version of H1315,25938,25621
1,13000565,HVL 15-P W,"Three-way passive speaker system 2 x 15” + 2 x 10” + 2 x 4”, bi-amped 1000 W (LF) + 900 W (MHF) AES power handlin",52736,52093
1,13000640,HVL 15-L W,"Three-way passive speaker system 2 x 15” + 2 x 10” + 2 x 4”, bi-amped 1000 W (LF) + 900 W (MHF) AES power handlin",52736,52093
1,13000700,HVL 15-P1 W,"Three-way passive speaker system 2 x 15” + 2 x 10” + 2 x 4”, bi-amped 1000 W (LF) + 900 W (MHF) AES power handlin",52736,52093
1,13000701,HVL 15-L1 W,"Three-way passive speaker system 2 x 15” + 2 x 10” + 2 x 4”, bi-amped 1000 W (LF) + 900 W (MHF) AES power handlin",52736,52093
1,13000705,HVL 15-S W,"2 x 15"" long throw passive subwoofer, 3000 W AES power handling, Weatherproof, White",43911,43376
1,13000698,Q 15 8ohm,"Passive two-way point source module 15"" + 4"", 22.5°x60° constant directivity coverage, 1500 W AES",19803,19562
1,13000727,Q 15-L 8ohm,"Passive two-way point source module 15"" + 4"", 22.5°x90° constant directivity coverage, 1500 W AES",19803,19562
1,13000728,Q 15-P 8ohm,"Passive two-way point source module 15"" + 4"", 22.5°x40° constant directivity coverage, 1500 W AES",19803,19562
1,13000534,C-MAX 4110,"2 way full range high power nearfield monitor 10"" - 1"" - 90x70°, 350W",5597,5528
1,13000535,C-MAX 4112,"2 way full range high power nearfield monitor 12"" - 1"" - 90x70°, 400W",6242,6166
1,13000657,X-MAX 10,"Two-way full range high power passive speaker 10"" + 1.4"" v.c - 90x70°, 700Wpeak",2744,2711
1,13000658,X-MAX 12,"Two-way full range high power passive speaker 12"" + 1.4"" v.c - 90x70°, 800Wpeak",3444,3402
1,13000281,C 3108-96,"2 way speaker sys. - 8"" - 1"" - 90x60° - 300W",4466,4412
1,13000282,C 3108-126,"2 way speaker sys. - 8"" - 1"" - 120x60° - 300W",4466,4412
1,13000283,C 3110-96,"2 way speaker sys. - 10"" - 1"" - 90x60° - 300W",5220,5156
1,13000284,C 3110-126,"2 way speaker sys. - 10"" - 1"" - 120x60° - 300W",5220,5156
1,13000617,S 10,"Bass reflex subwoofer, 10"", 400W",2798,2764
1,13000618,S 12,"Bass reflex subwoofer, 12"", 400W",3498,3455
1,13000667,S 15,"Bass reflex subwoofer, 15"", 500W",4305,4253
1,13000168,S 8015LP,"15"" subwoofer - 800W bandpass  - under seat configuration",6888,6804
1,13000398,S 8015 II,"Subwoofer 15"", 1.000 W - reflex",6996,6910
1,13000390,S 8018 II,"Subwoofer 18"", 1.500 W - reflex",7426,7336
1,13000391,S 8028 II,"Subwoofer 2 x 18"", 3.000 W - reflex",13346,13183
1,13100096,S 19,"Weatherproof subwoofer 19"", 1.500 W - reflex",8180,8080
1,13100097,S 29,"Weatherproof subwoofer 2 x 19"", 3.000 W - reflex",15283,15096
1,13100117,S 19 WP,"Weatherproof subwoofer 19"", 1500W - reflex",9902,9781
1,13100108,S 29 WP,"Weatherproof subwoofer 2 x 19"", 3000W - reflex",18834,18605
1,13000203,P 1108T,"2 way weather-proof speaker sys. - 8'' - 1''- 90°x70° horn- 100 W 16 ohm, with 60W line transf.",3229,3189
1,13100084,P 1108T W,"2 way weather-proof speaker sys. - 8'' - 1''- 90°x70° horn- 100 W 16 ohm, with 60W line transf., White",3229,3189
1,13000125,P 2110T,"weather-proof speaker system, coaxial 10""+1"", 200W 16 ohm, with 60W line transf.",4789,4731
1,13000198,P 3108,2 way weather-proof speaker sys. - 8'' - 1''- 90°x70° horn- 300 W,5166,5103
1,13000135,P 3115T,"weather-proof speaker system, coaxial 15""+1"", 300W 16 ohm, with 120W line transf.",6996,6910
1,13100082,P 3115T W,"weather-proof speaker system, coaxial 15""+1"", 300W 16 ohm, with 120W line transf., White",6996,6910
1,13000199,P 4228,"2 way weather-proof speaker sys. - 2x8"" woofer + 2""driver - 400W",8072,7973
1,13100081,P 4228 W,"2 way weather-proof speaker sys. - 2x8"" woofer + 2""driver - 400W, White",8072,7973
1,13000202,P 5228-L,"2 way weather-proof ARRAY MODULE - 2x8"" woofer + 2x1""driver - 400W",8610,8505
1,13000131,P 6215,"High efficiency weather-proof speaker system, coaxial 15""+2"", 600W",8610,8505
1,13100083,P 6215 W,"High efficiency weather-proof speaker system, coaxial 15""+2"", 600W, White",8610,8505
1,13000230,P 8015S,"weather-proof sub-woofer sys. - 15"" - 800W",6027,5954
1,13000738,COMPACT A 10,"Speaker system 10"" + 1.75"" v.c., 350 W AES",2744,2711
1,13000739,COMPACT A 12,"Speaker system 12"" + 1.75"" v.c, 400 W AES",3229,3189
1,13000740,COMPACT A 15,"Speaker system 15"" + 1.75"" v.c, 450 W AES",3767,3721
1,13000642,COMPACT C 32,"Two-way professional speaker 12""+ 3"" v.c., 600 W RMS",7964,7867
1,13000602,COMPACT C 45,"Two-way professional speaker  15""+ 4"" v.c., 700 W RMS",9686,9568
1,13000911,COMPACT C 32 WP,"Weatherproof two-way professional speaker 12""+ 3"" v.c., 600 W RMS,",9686,9568
1,13000803,COMPACT C 45 WP,"Weatherproof two-way professional speaker  15""+ 4"" v.c., 700 W RMS",11839,11694
1,13000623,COMPACT M 04,"Two-way passive speaker system 4""+ 1"", 60W",990,978
1,13000581,COMPACT M 05,"Two-way passive speaker system 5""+ 1"", 80W",1184,1169
1,13000582,COMPACT M 06,"Two-way passive speaker system 6""+ 1"", 100W",1614,1595
1,13000594,COMPACT M 08,"Two-way passive speaker system 8""+ 1"", 200W",2314,2286
1,13000595,COMPACT M 10,"Two-way passive speaker system 10""+ 1"", 300W",3121,3083
1,13000596,COMPACT M 12,"Two-way passive speaker system 12""+ 1"", 300W",4036,3987
1,13000725,COMPACT M 04 W,"Two-way passive speaker system 4""+ 1"" v.c., 60W, White",990,978
1,13000720,COMPACT M 05 W,"Two-way passive speaker system 5""+ 1"" v.c., 80W, White",1184,1169
1,13000721,COMPACT M 06 W,"Two-way passive speaker system 6""+ 1"" v.c., 100W, White",1614,1595
1,13000722,COMPACT M 08 W,"Two-way passive speaker system 8""+ 1.4"" v.c., 300W, White",2314,2286
1,13000723,COMPACT M 10 W,"Two-way passive speaker system 10""+ 1.4"" v.c., 300W, White",3121,3083
1,13000724,COMPACT M 12 W,"Two-way passive speaker system 12""+ 1.4"" v.c., 300W, White",4036,3987
1,13000169,L 2406T,"3-way column array - 6 x 5"" + 4 x 1"" - 200W",4413,4359
1,13000177,L 2406T W,"3-way column array - 6 x 5"" + 4 x 1"" - 200W, white",4413,4359
1,13360521,FL-B LGT HL 40 WP 002,"Lightweight fly-bar for HL 38-S WP, up to 4 modules",3444,3402
1,13360534,FLY BAR HL 40 WP 002,"Fly-bar for HL 38-S WP, up to 8 modules",5919,5847
1,13360031,AC EB 4X,Set of 4 eye bolts,194,191
1,13360282,FL-B HL,Fly bar for HL2240-60-90-00,6350,6272
1,13360487,C-BR 4X Q 15,"Set of 4 flying brackets to install Q 15 modules with a coupling angle of 10°, instead of the native 22.5°",689,680
1,13360456,FL-B H Q 15,Horizontal fly bar for Q 15,1238,1223
1,13360457,FL-B V Q 15,Vertical fly bar for Q 15,3444,3402
1,13360095,C-BR 2X P10,Cluster brackets for P2110 (including 4 brackets to cluster 2 speakers),969,957
1,13360094,C-BR 2X P15,Cluster brackets for P3115/P6215 (including 4 brackets to cluster 2 speakers),1012,999
1,13360119,C-BR 2X P28,Cluster brackets for P4228/P5228L (including 4 brackets to cluster 2 speakers),1012,999
1,13360217,CL-BR NC,"Pipe clamp accessory to mount C3108, C3110",689,680
1,13360199,SWM-BR NC,"Wall mount swivel bracket for C3108-96, C3108-126, C3110-96, C3108-126, M 10 and M 12",667,659
1,13360190,H-BR 2X NC08,U Bracket Horiz.Wall-Mounting C3108-96 and C3108-126 - 2 pcs,474,468
1,13360191,H-BR 2X NC10,U Bracket Horiz.Wall-Mounting C3110-96 and C3110-126 - 2 pcs,495,489
1,13360195,V-BR 2X NC08,U Bracket Vert.Wall-Mounting C3108-96 and C3108-126 - 2 pcs,301,298
1,13360196,V-BR 2X NC10,U Bracket Vert.Wall-Mounting C3110-96 and C3110-126 - 2 pcs,323,319
1,13360200,FL-BR NC 06-08-10,Flying bracket NC 06/08/10,355,351
1,13360541,V-BR 001,2x Vertical bracket for C 45,1184,1169
1,13360539,WM-BR 001,"Wall mount bracket for M 12, C 32 and C 45 (to be used with the new horizontal brackets)",291,287
1,13360505,HN-KIT COMPACT C 32 C 45,Kit to change COMPACT C 32 and COMPACT C 45 speakers' directivity from 100° x 50° to 100° x 25° or 60° x 25°,517,510
1,13360550,H-BR 004,2x Horizontal bracket for M 05,667,659
1,13360545,H-BR 005,2x Horizontal bracket for M 06,721,712
1,13360547,H-BR 006,2x Horizontal bracket for M 08,839,829
1,13360551,H-BR 007,2x Horizontal bracket for M 10,893,882
1,13360538,H-BR 003,"2x Horizontal bracket for C 32 and M 12, KX 32-A",936,925
1,13360549,V-BR 006,2x Vertical bracket for M 08,936,925
1,13360552,V-BR 007,2x Vertical bracket for M 10,990,978
1,13360533,V-BR 002,2x Vertical bracket for C 32 and M 12,1076,1063
1,13360449,SWM-BR COMPACT M,"Swivel wall mount bracket for COMPACT M 05, M 06, M 08",183,181
1,13360597,H-BR 004 W,2x Horizontal bracket for M 05 W,667,659
1,13360602,H-BR 005 W,2x Horizontal bracket for M 06 W,721,712
1,13360603,H-BR 006 W,2x Horizontal bracket for M 08 W,839,829
1,13360604,H-BR 007 W,2x Horizontal bracket for M 10 W,893,882
1,13360609,H-BR 003 W,2x Horizontal bracket for M 12 W,936,925
1,13360605,V-BR 006 W,2x Vertical bracket for M 08 W,936,925
1,13360606,V-BR 007 W,2x Vertical bracket for M 10 W,990,978
1,13360607,V-BR 002 W,2x Vertical bracket for M 12 W,1076,1063
1,13360468,SWM-BR COMPACT M W,"Swivel wall mount bracket for COMPACT M 05 W, M 06 W, M 08 W",183,181
1,12399062,PNL IN-OUT SPEAKON COMPAC,Speakon in-out connector optional panel,151,149
1,12399063,PNL IN-OUT AMPHENOL,"Input panel with amphenol IP67 connectors for Compact M (M 04 excluded), COMPACT C 32 / C 45, Q 15, SUB S 10 / S",646,638
1,12100063,MU 7100EN MKII,"Master unit DXT 7000 system 8 x 80W, 4 Ohm, EN54-16",29597,29236
1,17100015,LT 7208EN MKII,Tranformer interface unit incl. 8 EOL DXT 7000EN system,10009,9887
1,17170159,MT 7308,"Amplifier Manager unit, 8 ampifiers IN/OUT",9686,9568
1,14322015,BM 7608,8 zone paging microphone for DXT7000 system,3842,3795
1,14322016,BM 7608D,8 zone paging mic. for DXT7000 system with keypad and LCD,6135,6060
1,14322014,BM 7608DFM,8 zone fireman mic. for DXT7000 system with keypad and LCD,7749,7655
1,17170140,SV 7982,Volume and program remote control,2260,2233
1,17170141,LI 7903,Remote local input / Control device,1959,1935
1,17170153,SI 7120,Monitored logic input board,732,723
,xxx,BM 7xxx-D,16 button extention to apply to BM7624-D (up to max of 120 total buttons),3875,3827
1,12100009,MX 3500/2,"DXT3000 integrated voice alarm main unit, 500W, 2 channels",17758,17542
1,12100010,MX 3500/4,"DXT3000 integrated voice alarm main unit, 500W, 4 channels",20664,20412
1,12100011,MX 3500/6,"DXT3000 integrated voice alarm main unit, 500W, 6 channels",23462,23176
1,17170177,MX 3250/2,"DXT3000 integrated voice alarm main unit, 250W, 2 channels",13453,13289
1,17170183,MX 3250/4,"DXT3000 integrated voice alarm main unit, 250W, 4 channels",15606,15415
1,17170184,MX 3250/6,"DXT3000 integrated voice alarm main unit, 250W, 6 channels",17651,17435
1,12100067,MXR 4500/2,Rack version of MX 3500/2,19050,18817
1,12100068,MXR 4500/4,Rack version of MX 3500/4,20987,20731
1,12100069,MXR 4500/6,Rack version of MX 3500/6,23570,23282
1,14380028,BM 3804,Monitored paging microphone - 2 zone - desktop,2637,2605
1,14380037,BM 3804FM,Fireman paging microphone cons. for DXT 3000,3605,3561
1,14380036,BE 3806,6 buttons extension for BM3804,990,978
1,13360317,BATT 18AH 2X,"Pair of battery 12V, 18Ah for DXT3000 system",807,797
1,13360344,MG 3006,DXT3000 monitored GPI bord,743,734
1,12399015,IE 3008,Interlink for DXT 3000 systems,3067,3030
1,12399049,IT 3010,DXT 3000 transformer board,2045,2020
1,14322030,ME 3801,Wall mount emergency mic.,2744,2711
1,12399044,RC 3005,Remote control for music source integrated in the master unit front panel,377,372
1,17170176,EOL 3-9,DXT9000/3000 end of line,344,340
1,17100006,PS 6648,"48V EN54-4 pw supply, battery charger/moniotring - 200 Ah max 6x15A OUT",12054,11907
1,17360040,BH 1042,Rack battery support,667,659
1,43901111,BATT 12V-26AH,Battery 12V/26 AH for DXT systems,635,627
1,43901112,BATT 12V-40AH,Battery 12V/40 AH for DXT systems,1076,1063
1,43901113,BATT 12V-55AH,Battery 12V/55 AH for DXT systems,1399,1382
1,43901114,BATT 12V-100AH,Battery 12V/100 AH for DXT systems,2314,2286
1,43901115,BATT 12V-150AH,Battery 12V/150 AH for DXT systems,3498,3455
1,43901116,BATT 12V-200AH,Battery 12V/200 AH for DXT systems,4574,4518
1,13100008,PLP 50EN,"5"" ceiling speaker plastic fire dome, 6W, 70-100V",183,181
1,13100007,PL 50EN,"5"" ceiling speaker metal fire dome, 6W, 70-100V",237,234
1,13133082,PL 68EN,"Ceiling speaker - 6"", 6W - EN54-24",355,351
1,13100009,PL 82EN,"2 way 8"" ceiling speaker metal fire dome 20W, 70-100V",527,521
1,13133065,PL 70EN,"6"" twin-cone flush mounting ceiling speaker, white frame+grid, 6W, 70-100V. Steel back-can included - EN54-24",495,489
1,13100019,DUP 5EN,"Wall surface 5.5"" speaker, 6W, 70-100V, EN54-24",291,287
1,13133064,DU 50EN,"5"" twin-cone wall/ceiling mounting speaker, white, 6W, 70-100V - EN54-24",474,468
1,13133083,DU 60EN,"5"" twin-cone ceiling flush/semi flush mounting speaker, white, 6W, 70-100V - EN54-24",517,510
1,13100021,DP 4EN,"Unidirectional sound projectors - 5"" 10W (IP55) - EN54-24",463,457
1,13133076,DP 5EN,"Unidirectional sound projectors - 5"" 10W (IP65) - EN54-24",775,765
1,13133071,DP 1420EN,"Unidirectional sound projector, alu., IP 36, 20W, 70-100V - BS5839-8 - EN54-24",904,893
1,13133077,BD 5EN,"Bidirectional sound projectors - 5"" 10W (IP65) - EN54-24",947,936
1,13133074,BD 2412EN,"Bidirectional sound projector, alu., IP 55, 12W, 70-100V - EN54-24",958,946
1,13133079,CS 6520EN,"5"" transducers 2 way sound column, alumin, 20W, 70-100V white, IP 66 - EN54-24",2045,2020
1,13100005,CS 6940EN,"8x3"" plus tw 2 way sound column, alumin, 40W, 70-100V white, IP 66 - EN54-24",3390,3349
1,13133075,HD 21EN,Paging horn - IP66 - dia 21cm - 30W - EN54-24 - 104 dB,657,649
1,13133085,HD 6045EN,"Fiberglass horn 600x450mm. With 4x50 watt drivers, 100V trasf. - EN54-24",10224,10100
1,13133078,BS 5EN,"Suspended sound projectors - 5"" 10W (IP65) - EN54-24",958,946
1,13100010,MR 52EN W,"2 way bass reflex wall mount cabinet, 30W - white - trasf/low imp",926,914
1,13100042,MH 61EN,"2 way plastic horn speaker, 60 W, 70-100 V - EN54-24",1776,1754
1,13100043,MF 33EN,Ceiling speaker - EN 54-24,1130,1116
1,13100046,WMF 33EN,Wall mount speaker - EN 54-24,1184,1169
1,12399047,CJ 428CAT,Cable FTP 4x2x22 AWG CAT 5E FR (PH120) - per meter,43,43
1,12135085,ZM 2124,Powered master unit - 240W,9256,9143
1,17170167,ZE 2200,6 zone extension,3875,3827
1,14322021,BM 2006,Paghing mich - 6 zone,1614,1595
1,14322022,BE 2012,BM 2006 12 zone extension,732,723
1,13360040,RC 62-G,Remote control (gray anthracite),366,361
1,14115013,MD 7800,"Unidirectional dynamic microph. , XLR 3 fem. connector, 5mt cable, holder",517,510
1,14115025,MC 4064,"Multipurpose gooseneck microphone, switch 3mt. Cable XLR - electret capsule",1130,1116
1,14115024,MC 5054,"Universal gooseneck microphone, high quality electret capsule - cardioid",893,882
1,14250010,PX 4116,"UHF multi-ch true diversity wireless Lavalier mic. System, belt clip transm.",2099,2073
1,14115023,HE 2006,Headset mic. to be combined with PX2106/4116 transmitters,194,191
1,17360031,AR 1620,"Rack accessory to install one or two receivers in 19"" rack cabinet",431,425
1,14322012,BM 3003,"3 zones desk-top paging mike console for ES3323, 5mt. Cable with RJ conn",1453,1435
1,14322008,BM 3001,"Desk-top paging mike console for ES3160, 5mt.cable with RJ conn.",883,872
1,14322013,BM 3022,"Goos. consolle c/w microph., 0 dB output, AC/DC",1937,1914
1,14320135,BM 3014,"Desk-top paging mike console, 5mt.cable with XLR conn.",861,851
1,14380014,A 504-N,Slide-on holder for hand-held microphone,43,43
1,14310008,A 507,Universal slide on holder,43,43
1,14380022,AC AD2405,BM 3022 power supply adapter,183,181
1,13360247,AC MIC DK,MC4064 support,323,319
1,14380011,AC S50DK,"Microphone desk stand, solid base",215,213
1,14380035,AC 501DK,"Microphone desk stand, solid base with XLR",689,680
1,14380027,AC S76FL,Mic floor stand,258,255
1,14380033,AC 503FS,Adaptor for MC5054 with mic floor stand,151,149
1,14380034,AC 502LC,Adaptor for MC5054 - universal desktop table support,140,138
1,14380029,A 53,10 x adaptors 3/8 to 5/8 for AC S50DK with MD7600/7800,129,128
1,12170094,MP 300,Speak through system,3875,3827
1,12100053,ES 2160,"USB, bluetooth, MP3 160W amplifier",3875,3827
1,12135107,ES 3080,"USB, SD card, bluetooth -MP3 + 2 IN + 1 AUX IN - 80W amplifier",3283,3243
1,12135082,AM 1125,"5 input mixer amp. 120W AC/DC, 3 MIC/LINE. Priority",2260,2233
1,12135062,AM 2080,"2+2 input mixer amp. 80W AC, 2 MIC/LINE, Phantom, VOX activ. Priority",2529,2498
1,12135058,AM 2160,"4+2 input mixer amplifier 160W AC, 4 MIC/LINE, Phantom, VOX activ. Priority",3336,3296
1,12135059,AM 2320,"4+2 input mixer amplifier 320W AC, 4 MIC/LINE, Phantom, VOX activ. Priority",4843,4784
1,12135061,UP 2321,1+1 input power amplifier 320W AC,4197,4146
1,12135065,UP 2162,2 x 1+1 input power amplifier 2 x 160W AC,4736,4678
1,12135070,UP 8501,1+1 input power amplifier 500W AC/DC,6780,6698
1,12135077,UP 8502,2 x 1+1 input power amplifier 2 x 250W AC/DC,7964,7867
1,12135079,UP 8504,4 x 1+1 input power amplifier 4 x 125W AC/DC,8502,8399
1,17100003,PR 4093,Pre-amplifier 9 input 3 output (1 mono + 1 stereo),1453,1435
1,13360046,TD 30,"High quality extended range multitap transformer 100V in, 4-8 ohm output, 30 W",312,308
1,13360047,TD 60,"High quality extended range multitap transformer 100V in, 4-8 ohm output, 60 W",334,330
1,13360049,TD 240,"High quality extended range multitap transformer 100V in, 4-8 ohm output, 240 W",560,553
1,13133045,PL 40,"31/2"" flush mnt. ceil. speaker with line transf., 8W, IP 44",183,181
1,13133060,PL 50,"6"" twin-cone flush mounting ceiling speaker, white, 6W, 70-100V, plastic grille",97,96
1,13110214,PL 60,"6"" twin-cone flush mounting ceiling speaker, white, 6W, 70-100V",140,138
1,13133042,PL 6X,"6"" coax flush mnt. ceil. speaker with line transf., 12W, IP 44",248,245
1,13133043,PL 8X,"8"" coax flush mnt. ceil. speaker with line transf., 20W, IP 44",334,330
1,13100087,PL 6X B,"6"" coax flush mnt. ceil. speaker with line transf., 12W, IP 44, black",248,245
1,13100088,PL 8X B,"8"" coax flush mnt. ceil. speaker with line transf., 20W, IP 44, black",334,330
1,13000049,DM 41,"Compact cabinet, 2way with 31/2"" woofer, 15W with line transf, IP55, white",355,351
1,13000387,DM 41 B,"Compact cabinet, 2way with 31/2"" woofer, 15W - 8 Ohm, IP55, black",355,351
1,13000050,DM 61,"Compact cabinet, 2way with 6"" woofer, 25W with line transf, IP55, white",753,744
1,13100089,MQ 50C B,"Two-way ceiling monitor, wide dispersion, light weight, built-in 30W line transf. (Black)",936,925
1,13000081,MQ 50C W,"Two-way ceiling monitor, wide dispersion, light weight, built-in 30W line transf. (White)",936,925
1,13000094,MQ 80P B,"Hi-efficiency two-way horn loaded sound projector, built-in 30W line transf., IP 55 (Black colour)",1130,1116
1,13000096,MQ 80P W,"Hi-efficiency two-way horn loaded sound projector, built-in 30W line transf., IP 55 (White colour)",1130,1116
1,13000186,MQ 100L B,3 way mini-column array speaker system - black,1399,1382
1,13000187,MQ 100L W,3 way mini-column array speaker system - white,1399,1382
1,13133054,BS 8,"Pendent ball spkr., white autoesting.plastic, 20W, 100V, 5 mt.cable",431,425
1,13133084,GS 60,Garden speaker - IP56 - coaxial trasducers,1507,1488
1,13000220,DU 31AT,"2 way in-wall mounting speaker 6W 100V, with volume control, white",183,181
1,13000232,CS 3082,"2way column speaker, 8x2"" woofers + 2 TW, 30W - 100V, white",1033,1021
1,13360123,A 1331,Multi purpose mounting adapter for DU31 & DU31AT,97,96
1,13320107,A 1360,White adapter to surface mount  PL 60,118,117
1,13360206,AC WM CS,Pair of swivel mounting bracket for CS3041 and 3082,183,181
1,13130001,HD 310T,"W/tight alumin. Horn 30W, 70/100V - IP 65",753,744
1,13133041,HD 410T,"70/100V 50W round ALU paging horn, IP 66, INOX acc.,",1292,1276
1,13330006,TD 507,"Multitap transf. for D 5076; 50W, 50/100V",258,255
1,13160032,AT 10Z,10W / 4 Ohm Constant impedance attenuator (frame not included),194,191
1,13160033,AT 20T,20 W / 100V Transformer attenuator (frame not included),334,330
1,13160035,AT 40T,40 W / 100V Transformer attenuator (frame not included),420,415
1,13160036,CT 61,Volume control for line Transfomer 6 Positions (frame not included),215,213
1,13360050,TL 128,"Multitap auto-transformer 100V in, 100V out, 120 W",215,213
1,13160034,CP 52,Program selection for line 100 V 5 position (frame not included),172,170
1,17170179,CR 2609,"9 U Rack cabinet 19"", wheels + frontal door with glass",3444,3402
1,17170081,CR 2628,"28 U Rack cabinet 19"", forced vent. w/thermal switch",6780,6698
1,17170082,CR 2642,"42 U Rack cabinet 19"", forced vent. w/thermal switch",8395,8292
1,17170129,CR 2615FV,"15 U Rack cabinet 19"", forced vent. W/thermal switch",5812,5741
1,17100008,AK 2615V,Ventilated rack cabinet door for CR 2615 and CR 2615FV,1561,1542
1,17100009,AK 2628V,Ventilated rack cabinet door for CR 2628,2260,2233
1,17100010,AK 2642V,Ventilated rack cabinet door for CR 2642,2798,2764
1,17360038,RR 2601,Wheels kit for CR 2628 and CR 2642 rack cabinets,979,967
1,17360027,AR 2605,"Multi AC socket on rack rear-support, 16A MAX, DIN BAR for the application of 4 standard DIN modules",549,542
1,17360039,AR 1050,Lateral rack support for installation in RCF CR2600 series,129,128
1,17170146,PU 2,Two unit blank panel,118,117
1,17170147,PU 3,Three unit blank panel,151,149
1,17170149,P AER,"Natural ventilation panel, 1 rack unit",118,117
1,17120056,OT 3500,"0dB, 1:1 output transformer, metal box, remov. screw terminals",377,372
1,13360102,AC XLR 3M3F,3 male + 3 female XLR connectors (3 pins),75,74
1,12399042,CA 2/C,Two wire shielded cable 100mt roll. Price per meter,11,11
1,12399043,CA 2+2/C,"Two wire shielded cable with additional pair, 100mt roll. Price per meter",11,11
1,13133037,HD 3216T,"70/100V 25W square plastic paging horn, IP 66, UL-HB material UV stabil., INOX acc.,",613,606
1,13133030,HD 1110,Compact horn 20W - 8 ohm,420,415
1,17180010,DMU 6100,Central Unit RCF Forum Discussion system,7103,7017
1,17180011,DMS 6410,Microphone set for RCF Forum Discussion system,2099,2073
1,17180013,DMS 6410X,Microphone console XLR gooseneck RCF Forum Discussion system,2475,2445
1,17180034,Dec-04,Expansion module for DMU6100,4682,4625
1,17180042,MMU 3100,"Meeting compact syst. control amplif., 80 console, 80W - 100V",4305,4253
1,14322019,MMS 3405P,"President unit  with gooseneck electret mic., light ring, CAT5 FTP",1453,1435
1,14322020,MMS 3404D,"Delegate unit  with gooseneck electret mic., light ring, CAT5 FTP",1292,1276
1,17180014,DCA 6000,100m cable reel for RCF Forum Discussion system + 12 RJ 10p connectors,2099,2073
1,17180029,DCA 6005,Extension cables 5 m RCF Forum 6000 Discussion system,301,298
1,17180031,DCA 6020,Extension cables 20 m RCF Forum 6000 Discussion system,517,510
,NEW,,New Products  Shipping to be confirmed,,
1,13000938,SUB 15-AS,"15"" Bass reflex Active Subwoofer, 1100Wrms, 2200Wpeak",6565,6485
1,13360655,KRT-WH 007,SUB 9029 trasportation kart for 1 module,2744,2711
1,13360656,CVR 016,Cover for 1x SUB 9029,1238,1223
1,13360708,CVR60708,Cover for SUB 808-AS,355,351
1,13360709,HBR60709,Vertical bracket for SUB 808-AS,678,670
1,13360688,CVR60688,Cover for KX 515-A,269,266
1,13360689,RPR60689,"Rain cover for 1 module HDL 6-A, HDL 26-A, KX 515-A, KX 10-A, KX 08-A",269,266
1,13360690,FLB60690,Accessory to link a KX 515 to a flying SUB 808,463,457
1,13360691,FLB60691,Suspension bar for KX 515,409,404
1,13360692,HBR60692,Horizontal bracket for KX 515,312,308
1,13360716,HBR60716,"Horizontal bracket for KX 515, white",312,308
1,13360693,VBR60693,Vertical bracket for KX 515,495,489
1,13360678,PMK60678,Pole mount accessory for KX 515 and NXL 14,129,128
1,13360679,PMK60679,"Pole mount accessory for KX 515 and NXL 14, white",129,128
1,13360694,CVR60694,Cover for KX 4-A,495,489
1,13360695,RPR60695,"Rain cover for 1 module HDL 30-A, HDL 28-A, HDL 35-AS, HDL 36-AS, HDL 38-AS, KX 4-A",172,170
1,13360696,FLB60696,"Spare Pickup Point for HDL6, HDL 26-A, HDL 35-AS, HL 35-S, HL 6, KX 4-A",592,585
1,13360697,FLB60697,Vertical fly bar for KX 4-A,2529,2498
1,13360698,VBR60698,Vertical bracket for KX 4-A,969,957
1,13360699,CVR60699,"Cover for NX 912-A, NX 932-A, KX 32-A",441,436
1,13360700,RPR60700,"Amplifier rain cover to protect 2X ART 945, NX 932/945/985, NXL 24/44, NXW 44, NX 912/915-SMA, KX 32/45-A",291,287
1,13360702,PLT60702,"Adapter plate to use H-BR 007 with NX 910-A, H-BR 003 with NX 912-A and KX 32-A, HBR60706 with NX 915-A and KX",947,936
1,13360703,HBR60703,"2x Horizontal bracket for C 32 and M 12, KX 32-A",936,925
1,13360704,VBR60704,Vertical bracket for KX 32-A,1345,1329
1,13360705,CVR60705,Cover for NX 915-A and KX 45-A,474,468
1,13360706,HBR60706,"2x Horizontal bracket for C 45, NX 945-A and KX 45-A",1044,1031
1,13360707,VBR60707,NX 945-A and KX 45-A vertical U braket,1614,1595
1,13360708,CVR60708,Cover for SUB 808-AS,355,351
1,13360709,HBR60709,Vertical bracket for SUB 808-AS,678,670
1,13360710,CVR60710,Cover for KX 10-A,301,298
1,13360711,HBR60711,Horizontal bracket for KX 10-A,377,372
1,13360712,VBR60712,Vertical bracket for KX 10-A,484,478
1,13360713,CVR60713,Cover for KX 08-A,312,308
1,13360714,HBR60714,Horizontal bracket for KX 08-A,355,351
1,13360715,VBR60715,Vertical bracket for KX 08-A,463,457
1,12100083,XPS 4K,"Class D power amplifier with DSP - 4 x 1.000 W @ 4 ohm, RDNET",24754,24452
1,12100084,XPS 4KD,"Class D power amplifier with DSP -  4 x 1.000 W @ 4 ohm, RDNET, DANTE",27229,26897
1,13100105,X 08,"2 way professional speaker, high-density polyurethane, 8'' + 1.75"" v.c., 100°x100°, 400 W RMS, 12 ohm, IP55",4843,4784
1,13100107,X 28L,"2 way array module, high-density polyurethane, 2x8'' + 3"" v.c., 110°x20°, 800 W RMS, 8 ohm, IP55",12915,12758
,,X 40,"2 way professional speaker, high-density polyurethane, 2 x 10'' + 4"" v.c., 110°x60°, 8 ohm, IP55",11839,11694
,,S 08,"Subwoofer 1 x 8"", 250 W - 4 OHM",1614,1595
,,S 08-A,"Active subwoofer 1 x 8"", 1.000 W peak",4305,4253
1,13100098,PMR 60T W,"Two-way pendant monitor speaker 6,5"" + 1"", ?80 W AES power handling, with transformer, White",1507,1488
1,13100100,PMR 60T,"Two-way pendant monitor speaker 6,5"" + 1"", ?80 W AES power handling, with transformer, Black",1507,1488
1,13100112,CMR-S 60T W,"Ceiling subwoofer 6,5"", 80 W AES power handling, with transformer",1184,1169
,,MMR 30T,"Pair of micro monitor speakers, plastic, 40 W peak, 16 OHM, black",743,734
,,MMR 30T W,"Pair of micro monitor speakers, plastic, 40 W peak, 16 OHM, white",743,734
1,13100111,CMR 30,"Pair of ceiling monitors, aluminium - 60 W peak - 16 OHM",915,904
1,13000911,COMPACT C 32 WP,"Weatherproof two-way professional speaker 12""+ 3"" v.c., 600 W RMS,",9686,9568
1,13000803,COMPACT C 45 WP,"Weatherproof two-way professional speaker  15""+ 4"" v.c., 700 W RMS",11839,11694
1,13100117,S 19 WP,"Weatherproof subwoofer 19"", 1.500 W - reflex",9902,9781
1,13100108,S 29 WP,"Weatherproof subwoofer 2 x 19"", 3.000 W - reflex",18834,18605
,,,,,
,Part No.230,Model,Description,MRP QAR,MRP AED
,,,,,
1,13000804,GTX 12,"Passive 3-way line array module  2x12"" + 4x6"" + 2x3""",44557,44013
1,13360519,FL-B 005,Flybar for the rigging of 6 to 24 units of GTX 12.,11839,11694
1,13360556,FL-B EXT 006,Extension bar to complete the flybar to manage the hanging of multiple GTX 12 modules.,6673,6591
1,13360561,FL-B PK 007,"Pickup Tab with Shackle for GTX 12, to be added to the flybar when rigging with two motors.",990,978
1,13360526,FL-B CMP 001,Pullback flybar with included pins and shackle.,4305,4253
1,13360563,FL-B CMP KIT 002,Pullback accessories kit. It includes chains and wrench for the pull-back.,13991,13821
1,13360537,KRT-WH 001,GTX 12 trasportation kart for 4 modules.,7534,7442
1,13360557,CVR 001,Large cover for 4x GTX 12 mounted on cart (tension and compression mode) with the flybar.,2475,2445
1,13360129,HOIST SPACING CHAIN CH 001,Hoist Connector Chain to distance the chain hoist and the chain bag from the flybar.,796,787
1,13360128,SAFETY CHAIN CH 002,To be added to the flybar to provide a secondary safety (one piece for every flybar).,1722,1701
1,13360351,AZM-BR 2X,Azimut bracket. Two pieces. To be added for horizontal array control.,1453,1435
1,13360562,QL-PIN 006,4 x quick lock pins for GTX 12 front/back rigging points and GTS 29 link.,398,393
1,13360613,QL-PIN 007,"4 x quick lock pins for GTX 12 rear link flybar, pickup flybar, and extension bar.",549,542
1,13360555,STCK-KIT 001,Accessory for stacking 4 GTX 12 modules on a flat surface or on GTS 29.,3767,3721
1,13360631,STCK-KIT 004,4 x height-adjustable leveling feet for GTX and GTS transport carts.,2206,2179
,,,,-,
1,13000796,GTX 10,"Passive 2-way line array module 2X10"" + 4""",22601,22326
1,13360508,FL-B 006,Flybar for rigging up to 16 units of GTX 10.,7964,7867
1,13360558,FL-B EXT 007,Extension bar to augment the flybar to manage the hanging of multiple GTX 10 modules.,3875,3827
1,13360625,FL-B PK 012,Pickup Tab with shackle for GTX 10. To be added to the flybar when rigging with two motors.,990,978
1,13360509,KRT-WH 002,GTX 10 trasportation kart for 4 modules.,4090,4040
1,13360559,CVR 002,Large cover for 4x GTX 10 mounted on cart.,1722,1701
1,13360129,HOIST SPACING CHAIN CH 001,Hoist Connector Chain to distance the chain hoist and the chain bag from the flybar.,796,787
1,13360128,SAFETY CHAIN CH 002,To be added to the flybar to provide a secondary safety (one piece for every flybar).,1722,1701
1,13360351,AZM-BR 2X,Azimut bracket. Two pieces. To be added for horizontal array control.,1453,1435
1,13360626,QL-PIN 008,Quick lock pins front (4) / AC pin flybar.,441,436
1,13360627,QL-PIN 009,Quick lock pins back (4) / AC pin flybar.,441,436
1,13360630,STCK-KIT 003,Accessory for stacking 4 GTX 10 modules on a flat surface or on GTS 29 or GTS 19G.,2960,2924
1,13360631,STCK-KIT 004,4 x height-adjustable leveling feet for GTX and GTS transport carts.,2206,2179
,,,,-,
1,13000864,GTX 10i,"Passive 2-way line array module 2X10"" + 4"", installation version, 110° x 15°",20987,20731
1,13000865,GTX 10Pi,"Passive 2-way line array module 2X10"" + 4"", installation version, 70° x 15°",20987,20731
1,13000866,GTX 10Wi,"Passive 2-way line array module 2X10"" + 4"", installation version, 110° x 30°, 30° enclosure",20987,20731
1,13000919,GTX 10i IP,"Weatherproof passive 2-way line array module 2X10"" + 4"", installation version, 110° x 15°, IP 55",22601,22326
1,13000920,GTX 10Pi IP,"Weatherproof passive 2-way line array module 2X10"" + 4"", installation version, 70° x 15°, IP 55",22601,22326
1,13000921,GTX 10Wi IP,"Weatherproof passive 2-way line array module 2X10"" + 4"", installation version, 110° x 30°, 30° enclosure, IP 55",22601,22326
1,13360649,FLB60649,Lightweight fly-bar for GTX 10i install series line array modules.,5489,5422
,,,,-,
1,13000820,GTS 29,"2 x 19"" passive subwoofer",34978,34552
1,13360564,FL-B 007,Fly-bar for rigging up to 16 GTS 29 modules.,6027,5954
1,13360520,KRT-WH 003,GTS 29 trasportation kart for 1 module.,2744,2711
1,13360567,CVR 007,Padded cover for 1x GTS 29.,1238,1223
1,13360565,KRT-WH 004,GTS 29 trasportation kart for 3 modules,6888,6804
1,13360566,CVR 006,Large padded cover for 3x GTS 29 subwoofer modules installed on a cart.,2583,2552
1,13360129,HOIST SPACING CHAIN CH 001,Hoist Connector Chain to distance the chain hoist and the chain bag from the flybar.,796,787
1,13360128,SAFETY CHAIN CH 002,To be added to the flybar to provide a secondary safety (one piece for every flybar).,1722,1701
1,13360351,AZM-BR 2X,Azimut bracket. Two pieces. To be added for horizontal array control.,1453,1435
1,13360631,STCK-KIT 004,4 x height-adjustable leveling feet for GTX and GTS transport carts.,2206,2179
,,,,-,
1,13000862,GTS 19G,"1 x 19"" passive subwoofer",17220,17010
1,13360677,FLB60677,Flying bracket kit for GTS 19G (to be used with FLB60676 and FLB60673),1292,1276
1,13360676,FLB60676,Flying bar kit for GTS 19G (to be used with FLB60677 and FLB60673),2368,2339
1,13360673,FLB60673,Side bracket kit to fly 2X GTS 19G (to be used with FLB60676 and FLB60677),3229,3189
1,13360568,KRT-WH 005,GTS 19 trasportation kart for 1 module.,2099,2073
1,13360570,CVR 008,Padded cover for 1x GTS 19.,764,755
1,13360631,STCK-KIT 004,4 x height-adjustable leveling feet for GTX and GTS transport carts.,2206,2179
,,,,,
,,TTR 16K,Touring rack assembly,-,
1,12100037,XPS 16K,"Class D power amplifier with DSP - 4 x 4.000 W @ 2.7 ohm, RDNET",49292,48691
1,12100064,XPS 16KD,"Class D power amplifier with DSP - 4 x 4.000 W @ 2.7 ohm, RDNET, DANTE",51768,51136
1,17100016,PD 32A,AC power distribution box 32A/EU,9579,9462
,,PD 30A,AC power distribution box 30A/US,9579,9462
1,17100019,SD 6/4,Signal distribution box,5274,5209
1,12399085,CN-PAN 001,"1RU metal panel with ""TT"" logo.",248,245
1,17100020,TT RACK 11U,"Flightcase rack with sliding doors, 11RU.",13884,13714
1,12399088,PWRCON 0.7M,"Power Cord H05VVF 3x1,5 powerCON TRUE1 0.7 m.",269,266
1,12399086,XLR MALE TO FEMALE CABLE 0,XLR male to female cable 0.4 m.,194,191
1,12399087,ETHERNET CAT6 CABLE 0.5M,"0,5M CAT6 Ethernet Cable",32,32
,,,,-,
,,CABLES,,-,
1,12399072,CBL 002,"0,7 m (2.3 ft.) P-COM 8 Cable. 8 x 2,5mm2 (14 awg) cable to link GTX 12 and GTX 10 modules.",1399,1382
1,12399073,CBL 003,"0,9 m (2.9 ft.) P-COM 8 Cable. 8 x 4mm2 (12 awg)cable to link GTS 29 modules when suspended or stacked.",1453,1435
1,12399080,CBL 009,"4 m (13 ft.) P-COM 8 Cable. 8 x 4mm2 (12 awg) cable to connect GTS 29 modules when in ""end fire"" configuration.",1883,1860
1,12399074,CBL 004,"10 m (32.8 ft.) P-COM 8 Cable. 8 x 4mm2 (12 awg) cable to link GTX 12, GTX 10, or GTS 29 modules with TTR 16K Tour",2691,2658
1,12399075,CBL 005,"25 m (82 ft.) P-COM 8 Cable. 8 x 4mm2 (12 awg) cable to connect GTX 12, GTX 10 or GTX 29 with TTR 16K Touring Rac",4682,4625
1,12399076,CN-KIT 006,Adapter for the connection between two P-COM 8 cables.,796,787
1,12399082,CBL 010,Cable adapter to directly connect XPS 16K amplifiers to GTX/GTS modules without using PD32A/EU or PD 30A/US Pow,1292,1276
1,12399077,CBL 006,2 m (6.6 ft.) S-COM 19 cable. It allows six analog channel signal connections between two TTR 16K Touring Racks.,1830,1807
1,12399078,CBL 007,30 m (98.4 ft.) S-COM 19 cable. It allows six analog channel signal connections between two TTR 16K Touring Racks.,3229,3189
1,12399079,CBL 008,Adapter for the connection between two S-COM 19 cables.,1184,1169
1,12399018,CBL ETHERCON 5M,CAT 5E etherCON cable 5 m.,258,255
1,12399035,CBL ETHERCON 3M,CAT 5E etherCON cable 3 m.,237,234
1,12399017,"CBL ETHERCON 1,5M",CAT 5E etherCON cable 1.5 m.,215,213
1,12399016,"CBL ETHERCON 0,7M",CAT 5E etherCON cable 0.7 m.,194,191
,LIMITED STOCK OLD MODELS,,Check the stock before you Propose,-,
,Part No.230,Model,Description,MRP QAR,MRP AED
1,13000360,TTL 33-A II,"Active 3-way line array module 2x8"" + 8"" + 3x1"", 750W",29382,29023
1,13000248,TTL 33 WP,"Weather-proof 3-way line array 2x8""+8""+ 3x1"", biamp input 500W+250W",24216,23920
1,13000475,TTL 6-A,Tree-way Line Source Active speaker system,33579,33170
1,13000543,TTS 15-A,"1100 W RMS, 15"" active high power subwoofer",13023,12864
1,13000446,TT 25-A II,"Two-way Active speaker system 15""+ 1,5"" (4""VC), 1100W",16897,16691
1,13000444,TT 22-A II,"Two-way Active speaker system 12""+ 1,5"" (3""VC), 1100W",15175,14990
1,13000549,TT 10-A,"10"" + 1,7"", 1000Wrms, RDNet",9902,9781
1,13000547,TT 08-A II,"8"" + 1,7"", 1000Wrms, RDNet",8610,8505
1,13000686,TT 515-A,"Two-way Active speaker system 2 x 5"" + 1.75"" v.c., 1000Wrms, 2000 Wpeak, RDNET",8287,8186
1,13000693,TT 808-AS,"2 x 8"" Active Subwoofer, 1000Wrms, 2000 Wpeak, RDNET",10117,9993
1,13000448,TT 25-CXA,"Active coaxial stage monitor 15""+1,5 (2,5""VC), 1100W, RDNet",14529,14352
1,13000544,TT 20-CXA,"2X8"" + 2,5"", 1000Wrms, RDNet",12162,12013
1,13000584,TTL 4-A,"Active two-way line array module 2 x 10""+ 1,5"" (4""VC), 1600W",22817,22538
,,,,,
1,17170154,RDNET CONTROL 8,Controller for TT+ systems - 8 x 32 on RD-Net,6242,6166
1,17170163,RDNET CONTROL 2,Controller for TT+ systems - 2 x 32 on RD-Net,1130,1116
1,13360176,RDNET IN-OUT PLUG,Plug-in RD Net module,721,712
1,13360226,RDNET INPUTS TTL 33-A II,Rd Net input board for TTL33A,2852,2817
1,13360227,RDNET INPUTS TTL 31-A II,Rd Net input board for TTL31A,2852,2817
1,13360132,QL-PIN D11.1 L44.5 4X,4x Flybar Pin Set,1614,1595
1,13360052,FL-B TTL 33,Suspending bar for TTL33 array system (including 2 Quick lock pins),8287,8186
1,13360063,FL-B SH TTL 33,Short suspending bar for TTL33 array system (including 2 Quick lock pins),6414,6336
1,13360057,STCK-KIT TTL 33,Accessory to add to Fly bar for stacking option on sub,431,425
1,13360059,KRT-WH 4X TTL 33,Kart with wheels for 4 TTL33,3014,2977
1,13360143,SHACKLE TTL 33-31,3.25 tons shackle for TTL33/31 systems,204,202
1,13360060,QL-PIN D9.6 L25.4 4X,4 X Quick lock pins for TTL 33,1130,1116
1,13360067,PM-KIT M20,M20 Pole mount,226,223
1,13360349,FL-B TTL 6,Fly bar for TTL6A,6242,6166
1,13360325,CVR TT 22 II,TT22A II cover,377,372
1,13360326,CVR TT 25 II,TT25A II cover,398,393
1,13360327,CVR TT 25-CXA,TT25CXA cover,420,415
1,13360704,VBR60704,TT22A and NX32A vertical U braket,1345,1329
1,13360329,V-BR TT 25 II,TT25A vertical U braket,1399,1382
1,13360405,CVR TT 20-CXA,Cover for 20-CXA,366,361
1,13360401,V-BR TT 10,Vertical bracket for TT 10-A,484,478
1,13360402,H-BR TT 10,Horizontal bracket for TT 10-A,377,372
1,13360404,CVR TT 10,Cover for TT 10-A,301,298
1,13360399,H-BR TT 08 II,Horizontal bracket for TT 08-A MKII,355,351
1,13360400,V-BR TT 08 II,Vertical bracket for TT 08-A MKII,463,457
1,13360403,CVR TT 08 II,Cover for TT 08-A MKII,312,308
1,13360678,PMK60678,Pole mount accessory for TT 515-A,129,128
1,13360459,H-BR TT 515,Horizontal bracket for TT 515,312,308
1,13360484,V-BR TT 515,Vertical bracket for TT 515,495,489
1,13360485,FL-BR TT 515,Suspension bar for TT 515,409,404
1,13360500,V-BR TT 808,Vertical bracket for TT 808,678,670
1,13360501,FL-B LINK TT 515,Accessory to link a TT 515 to a flying TT 808,463,457
1,13360482,CVR TT 515,Cover for TT 515,269,266
1,13360486,CVR TT 808,Cover for TT 808,355,351
1,13360440,CVR TT 4,Cover for TT 4-A,495,489
1,13360428,FL-B LINK TT 4,Link bar for TT 4-A,1345,1329
1,13360427,V-BR TT 4,Vertical bracket for TT 4-A,969,957
1,13360425,FL-B H TT 4,Horizontal fly bar for TT 4-A,2798,2764
1,13360423,FL-B V TT 4,Vertical fly bar for TT 4-A,2529,2498
1,13360383,KRT-WH TTS 15,Kart with wheels for TTS 15-A,1830,1807
1,13360395,CVR TTS 15,Cover for TTS 15-A,624,617
1,13360138,POWER CABLE X6 TTL 55-A,AC Cable to power up to 6 TTL55-A or TTS56-A,1722,1701
1,13360145,CBL POWER BOX 6X,AC Stage Box,2960,2924
1,13360066,M20 PLATE,Threaded plate for M20 pole mount,97,96
1,13360109,AC PRO-FS,Professional loudspeaker floor stand,1130,1116
1,13360030,AC DS 4X,kit including 4 pcs double studs for fly track,592,585
1,13360439,H-PLATE TT4,Horizontal lifting bracket to suspend 2 or 3 TTL C4-A or TTP C4-A,2099,2073
